titulo,tipo_texto,número,data,ano,veto,url,ementa,tema,subtema,iniciativa,tipo,númeroCamara,ano_apres,mnemo,idProp,urlficha,Votação
"Lei nº 13.979, de 6.2.2020 ",Lei,13979,2020-02-06,2020,,http://www.planalto.gov.br/ccivil_03/_ato2019-2022/2020/Lei/L13979.htm,Dispõe sobre as medidas para enfrentamento da emergência de saúde pública de importância internacional decorrente do coronavírus responsável pelo surto de 2019.,Pandemia,"tratamento, vacinação e insumos",Executivo,PL,23,2020,Lei da Covid,2236343,https://www.camara.leg.br/propostas-legislativas/2236343,Simbólica
"Lei nº 13.980, de 11.3.2020 ",Lei,13980,2020-03-11,2020,,http://www.planalto.gov.br/ccivil_03/_ato2019-2022/2020/Lei/L13980.htm,"Altera a Lei nº 11.664, de 29 de abril de 2008, que “dispõe sobre a efetivação de ações de saúde que assegurem a prevenção, a detecção, o tratamento e o seguimento dos cânceres do colo uterino e de mama, no âmbito do Sistema Único de Saúde - SUS”, para garantir a realização de ultrassonografia mamária.",Saúde,saúde outros,Senado,PL,7354,2017,câncer colo uterino e mama,2128847,https://www.camara.leg.br/propostas-legislativas/2128847,Simbólica
"Lei nº 13.982, de 2.4.2020 ",Lei,13982,2020-04-02,2020,http://www.planalto.gov.br/ccivil_03/_ato2019-2022/2020/Msg/VEP/VEP-141.htm,http://www.planalto.gov.br/ccivil_03/_ato2019-2022/2020/Lei/L13982.htm,"Altera a Lei nº 8.742, de 7 de dezembro de 1993, para dispor sobre parâmetros adicionais de caracterização da situação de vulnerabilidade social para fins de elegibilidade ao benefício de prestação continuada (BPC), e estabelece medidas excepcionais de proteção social a serem adotadas durante o período de enfrentamento da emergência de saúde pública de importância internacional decorrente do coronavírus (Covid-19) responsável pelo surto de 2019, a que se refere a Lei nº 13.979, de 6 de fevereiro de 2020.   Mensagem de veto",Pandemia,"auxílios, crédito, previdência, emprego e renda",Câmara,PL,9236,2017,BPC,2163972,https://www.camara.leg.br/propostas-legislativas/2163972,Simbólica
"Lei nº 13.984, de 3.4.2020 ",Lei,13984,2020-04-03,2020,,http://www.planalto.gov.br/ccivil_03/_ato2019-2022/2020/Lei/L13984.htm,"Altera o art. 22 da Lei nº 11.340, de 7 de agosto de 2006 (Lei Maria da Penha), para estabelecer como medidas protetivas de urgência frequência do agressor a centro de educação e de reabilitação e acompanhamento psicossocial.",Educação,educação,Senado,PL,5001,2016,altera lei Maria da Penha,2081916,https://www.camara.leg.br/propostas-legislativas/2081916,Simbólica
"Lei nº 13.987, de 7.4.2020 ",Lei,13987,2020-04-07,2020,,http://www.planalto.gov.br/ccivil_03/_ato2019-2022/2020/Lei/L13987.htm,"Altera a Lei nº 11.947, de 16 de junho de 2009, para autorizar, em caráter excepcional, durante o período de suspensão das aulas em razão de situação de emergência ou calamidade pública, a distribuição de gêneros alimentícios adquiridos com recursos do Programa Nacional de Alimentação Escolar (Pnae) aos pais ou responsáveis dos estudantes das escolas públicas de educação básica.",Pandemia,educação,Câmara,PL,786,2020,merenda,2241627,https://www.camara.leg.br/propostas-legislativas/2241627,Simbólica
"Lei Complementar nº 172, de 15.4.2020 ",Lei Complementar,172,2020-04-15,2020,,http://www.planalto.gov.br/ccivil_03/LEIS/LCP/Lcp172.htm,"Dispõe sobre a transposição e a transferência de saldos financeiros constantes dos Fundos de Saúde dos Estados, do Distrito Federal e dos Municípios, provenientes de repasses federais",Saúde,orçamento,Câmara,PLP,232,2019,sobras de recursos para saúde,2224225,https://www.camara.leg.br/propostas-legislativas/2224225,Nominal
"Lei nº 13.989, de 15.4.2020 ",Lei,13989,2020-04-15,2020,http://www.planalto.gov.br/ccivil_03/_ato2019-2022/2020/Msg/VEP/VEP-191.htm,http://www.planalto.gov.br/ccivil_03/_ato2019-2022/2020/Lei/L13989.htm,Dispõe sobre o uso da telemedicina durante a crise causada pelo coronavírus (SARS-CoV-2). Mensagem de veto,Pandemia,saúde outros,Câmara,PL,696,2020,telemedicina,2239462,https://www.camara.leg.br/propostas-legislativas/2239462,Simbólica
"Lei nº 13.992, de 22.4.2020 ",Lei,13992,2020-04-22,2020,,http://www.planalto.gov.br/ccivil_03/_ato2019-2022/2020/Lei/L13992.htm,"Suspende por 120 (cento e vinte) dias, a contar de 1º de março do corrente ano, a obrigatoriedade da manutenção das metas quantitativas e qualitativas contratualizadas pelos prestadores de serviço de saúde no âmbito do Sistema Único de Saúde (SUS).",Pandemia,orçamento,Câmara,PL,805,2020,metas do SUS,2241654,https://www.camara.leg.br/propostas-legislativas/2241654,Simbólica
"Lei nº 13.993, de 23.4.2020 ",Lei,13993,2020-04-23,2020,,http://www.planalto.gov.br/ccivil_03/_ato2019-2022/2020/Lei/L13993.htm,"Dispõe sobre a proibição de exportações de produtos médicos, hospitalares e de higiene essenciais ao combate à epidemia de coronavírus no Brasil.",Pandemia,"tratamento, vacinação e insumos",Câmara,PL,668,2020,exportação de insumos,2239385,https://www.camara.leg.br/propostas-legislativas/2239385,Simbólica
"Lei nº 13.995, de 5.5.2020 ",Leis que convertem MP,13995,2020-05-05,2020,,http://www.planalto.gov.br/ccivil_03/_ato2019-2022/2020/Lei/L13995.htm,"Dispõe sobre a prestação de auxílio financeiro pela União às santas casas e hospitais filantrópicos, sem fins lucrativos, que participam de forma complementar do Sistema Único de Saúde (SUS), no exercício de 2020, com o objetivo de permitir-lhes atuar de forma coordenada no combate à pandemia da Covid-19.",Pandemia,"tratamento, vacinação e insumos",Executivo,PLV,2,2021,santas casas e filantrópicos,2242756,https://www.camara.leg.br/propostas-legislativas/2242756,Simbólica
"Emenda Constitucional nº 106, de 7.5.2020 ",Emenda Constitucional,106,2020-05-07,2020,,http://www.planalto.gov.br/ccivil_03/Constituicao/Emendas/Emc/emc106.htm,"Institui regime extraordinário fiscal, financeiro e de contratações para enfrentamento de calamidade pública nacional decorrente de pandemia",Pandemia,contratos,Senado,PEC,10,2020,"""Orçamento de Guerra""",2242583,https://www.camara.leg.br/propostas-legislativas/2242583,Nominal
"Lei nº 13.998, de 14.5.2020 ",Lei,13998,2020-05-14,2020,http://www.planalto.gov.br/ccivil_03/_ato2019-2022/2020/Msg/VEP/VEP-268.htm,http://www.planalto.gov.br/ccivil_03/_ato2019-2022/2020/Lei/L13998.htm,"Promove mudanças no auxílio emergencial instituído pela Lei nº 13.982, de 2 de abril de 2020; e dá outras providências.  Mensagem de veto",Pandemia,"auxílios, crédito, previdência, emprego e renda",Senado,PL,873,2020,auxílio emergencial,2242868,https://www.camara.leg.br/propostas-legislativas/2242868,Nominal
"Lei nº 13.999, de 18.5.2020 ",Lei,13999,2020-05-18,2020,http://www.planalto.gov.br/ccivil_03/_ato2019-2022/2020/Msg/VEP/VEP-272.htm,http://www.planalto.gov.br/ccivil_03/_ato2019-2022/2020/Lei/L13999.htm,"Institui o Programa Nacional de Apoio às Microempresas e Empresas de Pequeno Porte (Pronampe), para o desenvolvimento e o fortalecimento dos pequenos negócios; e altera as Leis nos 13.636, de 20 de março de 2018, 10.735, de 11 de setembro de 2003, e 9.790, de 23 de março de 1999.   Mensagem de veto",Pandemia,"auxílios, crédito, previdência, emprego e renda",Senado,PL,1282,2020,Pronampe,2247028,https://www.camara.leg.br/propostas-legislativas/2247028,Simbólica
"Lei Complementar nº 173, de 27.5.2020 ",Lei Complementar,173,2020-05-27,2020,http://www.planalto.gov.br/ccivil_03/_ato2019-2022/2020/Msg/VEP/VEP-307.htm,http://www.planalto.gov.br/ccivil_03/LEIS/LCP/Lcp173.htm,"Estabelece o Programa Federativo de Enfrentamento ao Coronavírus SARS-CoV-2 (Covid-19), altera a Lei Complementar nº 101, de 4 de maio de 2000, e dá outras providência",Pandemia,orçamento,Senado,PLP,39,2020,dívidas dos municípios,2251392,https://www.camara.leg.br/propostas-legislativas/2251392,Nominal
"Lei nº 14.006, de 28.5.2020 ",Lei,14006,2020-05-28,2020,http://www.planalto.gov.br/ccivil_03/_ato2019-2022/2020/Msg/VEP/VEP-309.htm,http://www.planalto.gov.br/ccivil_03/_ato2019-2022/2020/Lei/L14006.htm,"Altera a Lei nº 13.979, de 6 de fevereiro de 2020, para estabelecer o prazo de 72 (setenta e duas) horas para que a Agência Nacional de Vigilância Sanitária (Anvisa) autorize a importação e distribuição de quaisquer materiais, medicamentos, equipamentos e insumos da área de saúde registrados por autoridade sanitária estrangeira e autorizados à distribuição comercial em seus respectivos países; e dá outras providências.   Mensagem de veto",Pandemia,"tratamento, vacinação e insumos",Câmara,PL,864,2020,anvisa insumos,2241779,https://www.camara.leg.br/propostas-legislativas/2241779,Simbólica
"Lei nº 14.010, de 10.6.2020 ",Lei,14010,2020-06-10,2020,http://www.planalto.gov.br/ccivil_03/_ato2019-2022/2020/Msg/VEP/VEP-331.htm,http://www.planalto.gov.br/ccivil_03/_ato2019-2022/2020/Lei/L14010.htm,Dispõe sobre o Regime Jurídico Emergencial e Transitório das relações jurídicas de Direito Privado (RJET) no período da pandemia do coronavírus (Covid-19).   Mensagem de veto,Pandemia,contratos,Senado,PL,1179,2020,RJET,2247564,https://www.camara.leg.br/propostas-legislativas/2247564,Nominal
"Lei nº 14.017, de 29.6.2020 ",Lei,14017,2020-06-29,2020,http://www.planalto.gov.br/ccivil_03/_ato2019-2022/2020/Msg/VEP/VEP-364.htm,http://www.planalto.gov.br/ccivil_03/_ato2019-2022/2020/Lei/L14017.htm,"Dispõe sobre ações emergenciais destinadas ao setor cultural a serem adotadas durante o estado de calamidade pública reconhecido pelo Decreto Legislativo nº 6, de 20 de março de 2020.   Mensagem de veto",Pandemia,demandas setoriais,Câmara,PL,1075,2020,Lei Aldir Blanc,2242136,https://www.camara.leg.br/propostas-legislativas/2242136,Simbólica
"Lei nº 14.018, de 29.6.2020 ",Lei,14018,2020-06-29,2020,http://www.planalto.gov.br/ccivil_03/_ato2019-2022/2020/Msg/VEP/VEP-365.htm,http://www.planalto.gov.br/ccivil_03/_ato2019-2022/2020/Lei/L14018.htm,"Dispõe sobre a prestação de auxílio financeiro pela União às Instituições de Longa Permanência para Idosos (ILPIs), no exercício de 2020, em razão do enfrentamento da emergência de saúde pública de importância internacional decorrente do coronavírus (Covid-19).    Mensagem de veto",Pandemia,"tratamento, vacinação e insumos",Câmara,PL,1888,2020,asilos,2248234,https://www.camara.leg.br/propostas-legislativas/2248234,Simbólica
"Lei nº 14.019, de 2.7.2020 ",Lei,14019,2020-07-02,2020,http://www.planalto.gov.br/ccivil_03/_ato2019-2022/2020/Msg/VEP/VEP-374.htm,http://www.planalto.gov.br/ccivil_03/_ato2019-2022/2020/Lei/L14019.htm,"Altera a Lei nº 13.979, de 6 de fevereiro de 2020, para dispor sobre a obrigatoriedade do uso de máscaras de proteção individual para circulação em espaços públicos e privados acessíveis ao público, em vias públicas e em transportes públicos, sobre a adoção de medidas de assepsia de locais de acesso público, inclusive transportes públicos, e sobre a disponibilização de produtos saneantes aos usuários durante a vigência das medidas para enfrentamento da emergência de saúde pública de importância internacional decorrente da pandemia da Covid-19.   Mensagem de veto",Pandemia,"tratamento, vacinação e insumos",Câmara,PL,1562,2020,máscara em espaço público,2243084,https://www.camara.leg.br/propostas-legislativas/2243084,Simbólica
"Emenda Constitucional nº 107, de 2.7.2020 ",Emenda Constitucional,107,2020-07-02,2020,,http://www.planalto.gov.br/ccivil_03/Constituicao/Emendas/Emc/emc107.htm,"Adia, em razão da pandemia da Covid-19, as eleições municipais de outubro de 2020 e os prazos eleitorais respectivos",Pandemia,eleições,Senado,PEC,18,2020,Adia eleições,2256130,https://www.camara.leg.br/propostas-legislativas/2256130,Nominal
"Lei nº 14.020, de 6.7.2020 ",Leis que convertem MP,14020,2020-07-06,2020,http://www.planalto.gov.br/ccivil_03/_ato2019-2022/2020/Msg/VEP/VEP-377.htm,http://www.planalto.gov.br/ccivil_03/_ato2019-2022/2020/Lei/L14020.htm,"Institui o Programa Emergencial de Manutenção do Emprego e da Renda; dispõe sobre medidas complementares para enfrentamento do estado de calamidade pública reconhecido pelo Decreto Legislativo nº 6, de 20 de março de 2020, e da emergência de saúde pública de importância internacional decorrente do coronavírus, de que trata a Lei nº 13.979, de 6 de fevereiro de 2020; altera as Leis n os 8.213, de 24 de julho de 1991, 10.101, de 19 de dezembro de 2000, 12.546, de 14 de dezembro de 2011, 10.865, de 30 de abril de 2004, e 8.177, de 1º de março de 1991; e dá outras providências.",Pandemia,"auxílios, crédito, previdência, emprego e renda",Executivo,PLV,15,2020,emprego e renda,2242618,https://www.camara.leg.br/propostas-legislativas/2242618,Nominal
"Lei nº 14.021, de 7.7.2020 ",Lei,14021,2020-07-07,2020,http://www.planalto.gov.br/ccivil_03/_ato2019-2022/2020/Msg/VEP/VEP-378.htm,http://www.planalto.gov.br/ccivil_03/_ato2019-2022/2020/Lei/L14021.htm,"Dispõe sobre medidas de proteção social para prevenção do contágio e da disseminação da Covid-19 nos territórios indígenas; cria o Plano Emergencial para Enfrentamento à Covid-19 nos territórios indígenas; estipula medidas de apoio às comunidades quilombolas, aos pescadores artesanais e aos demais povos e comunidades tradicionais para o enfrentamento à Covid-19; e altera a Lei nº 8.080, de 19 de setembro de 1990, a fim de assegurar aporte de recursos adicionais nas situações emergenciais e de calamidade pública.   Mensagem de veto",Pandemia,"tratamento, vacinação e insumos",Câmara,PL,1142,2020,covid indígena,2242218,https://www.camara.leg.br/propostas-legislativas/2242218,Simbólica
"Lei nº 14.023, de 8.7.2020 ",Lei,14023,2020-07-08,2020,,http://www.planalto.gov.br/ccivil_03/_ato2019-2022/2020/Lei/L14023.htm,"Altera a Lei nº 13.979, de 6 de fevereiro de 2020, para determinar a adoção de medidas imediatas que preservem a saúde e a vida de todos os profissionais considerados essenciais ao controle de doenças e à manutenção da ordem pública, durante a emergência de saúde pública decorrente do coronavírus responsável pelo surto de 2019.",Pandemia,"tratamento, vacinação e insumos",Câmara,PL,1409,2020,Profissionais essenciais,2242681,https://www.camara.leg.br/propostas-legislativas/2242681,Simbólica
"Lei nº 14.024, de 9.7.2020 ",Lei,14024,2020-07-09,2020,http://www.planalto.gov.br/ccivil_03/_ato2019-2022/2020/Msg/VEP/VEP-388.htm,http://www.planalto.gov.br/ccivil_03/_ato2019-2022/2020/Lei/L14024.htm,"Altera a Lei nº 10.260, de 12 de julho de 2001, para suspender temporariamente as obrigações financeiras dos estudantes beneficiários do Fundo de Financiamento Estudantil (Fies) durante o período de vigência do estado de calamidade pública reconhecido pelo Decreto Legislativo nº 6, de 20 de março de 2020.   Mensagem de veto",Pandemia,educação,Câmara,PL,1079,2020,fies,2242140,https://www.camara.leg.br/propostas-legislativas/2242140,Nominal
"Lei nº 14.028, de 27.7.2020 ",Lei,14028,2020-07-27,2020,http://www.planalto.gov.br/ccivil_03/_ato2019-2022/2020/Msg/VEP/VEP-419.htm,http://www.planalto.gov.br/ccivil_03/_ato2019-2022/2020/Lei/L14028.htm,"Altera a Lei nº 13.979, de 6 de fevereiro de 2020, para garantir que o receituário médico ou odontológico de medicamentos sujeitos a prescrição e de uso contínuo tenha validade pelo menos enquanto perdurarem as medidas de isolamento para contenção do surto da Covid-19, na forma que especifica.   Mensagem de veto",Pandemia,saúde outros,Câmara,PL,848,2020,medicamentos controlados,2241744,https://www.camara.leg.br/propostas-legislativas/2241744,Simbólica
"Lei Complementar nº 174, de 5.8.2020 ",Lei Complementar,174,2020-08-05,2020,,http://www.planalto.gov.br/ccivil_03/LEIS/LCP/Lcp174.htm,"Autoriza a extinção de créditos tributários apurados na forma do Regime Especial Unificado de Arrecadação de Tributos e Contribuições devidos pelas Microempresas e Empresas de Pequeno Porte (Simples Nacional), mediante celebração de transação resolutiva de litígio; e prorroga o prazo para enquadramento no Simples Nacional em todo o território brasileiro, no ano de 2020, para microempresas e empresas de pequeno porte em início de atividade",Outros,,Câmara,PLP,9,2021,Simples nacional,2237331,https://www.camara.leg.br/propostas-legislativas/2237331,
"Lei nº 14.034, de 5.8.2020 ",Leis que convertem MP,14034,2020-08-05,2020,http://www.planalto.gov.br/ccivil_03/_ato2019-2022/2020/Msg/VEP/VEP-433.htm,http://www.planalto.gov.br/ccivil_03/_ato2019-2022/2020/Lei/L14034.htm,"Dispõe sobre medidas emergenciais para a aviação civil brasileira em razão da pandemia da Covid-19; e altera as Leis n os 7.565, de 19 de dezembro de 1986, 6.009, de 26 de dezembro de 1973, 12.462, de 4 de agosto de 2011, 13.319, de 25 de julho de 2016, 13.499, de 26 de outubro de 2017, e 9.825, de 23 de agosto de 1999.",Pandemia,"auxílios, crédito, previdência, emprego e renda",Executivo,PLV,23,2020,aviação civil,2241642,https://www.camara.leg.br/propostas-legislativas/2241642,Nominal
"Lei nº 14.035, de 11.8.2020 ",Leis que convertem MP,14035,2020-08-11,2020,http://www.planalto.gov.br/ccivil_03/_ato2019-2022/2020/Msg/VEP/VEP-441.htm,http://www.planalto.gov.br/ccivil_03/_ato2019-2022/2020/Lei/L14035.htm,"Altera a Lei nº 13.979, de 6 de fevereiro de 2020, para dispor sobre procedimentos para a aquisição ou contratação de bens, serviços e insumos destinados ao enfrentamento da emergência de saúde pública de importância internacional decorrente do coronavírus responsável pelo surto de 2019.",Pandemia,"tratamento, vacinação e insumos",Executivo,PLV,25,2020,contratações,2241660,https://www.camara.leg.br/propostas-legislativas/2241660,Nominal
"Lei nº 14.036, de 13.8.2020 ",Leis que convertem MP,14036,2020-08-13,2020,,http://www.planalto.gov.br/ccivil_03/_ato2019-2022/2020/Lei/L14036.htm,"Altera a Lei nº 14.017, de 29 de junho de 2020, para estabelecer a forma de repasse pela União dos valores a serem aplicados pelos Poderes Executivos locais em ações emergenciais de apoio ao setor cultural durante o estado de calamidade pública reconhecido pelo Decreto Legislativo nº 6, de 20 de março de 2020, e as regras para a restituição ou a suplementação dos valores por meio de outras fontes próprias de recursos pelos Estados, pelos Municípios ou pelo Distrito Federal.",Pandemia,demandas setoriais,Executivo,PLV,27,2020,setor cultural,2256402,https://www.camara.leg.br/propostas-legislativas/2256402,Simbólica
"Lei nº 14.040, de 18.8.2020 ",Leis que convertem MP,14040,2020-08-18,2020,http://www.planalto.gov.br/ccivil_03/_ato2019-2022/2020/Msg/VEP/VEP-460.htm,http://www.planalto.gov.br/ccivil_03/_ato2019-2022/2020/Lei/L14040.htm,"Estabelece normas educacionais excepcionais a serem adotadas durante o estado de calamidade pública reconhecido pelo Decreto Legislativo nº 6, de 20 de março de 2020; e altera a Lei nº 11.947, de 16 de junho de 2009.",Pandemia,Educação,Executivo,PLV,22,2020,ensino à distância,2242413,https://www.camara.leg.br/propostas-legislativas/2242413,Nominal
"Lei nº 14.041, de 18.8.2020 ",Leis que convertem MP,14041,2020-08-18,2020,http://www.planalto.gov.br/ccivil_03/_ato2019-2022/2020/Msg/VEP/VEP-461.htm,http://www.planalto.gov.br/ccivil_03/_ato2019-2022/2020/Lei/L14041.htm,"Dispõe sobre a prestação de apoio financeiro pela União aos Estados, ao Distrito Federal e aos Municípios com o objetivo de mitigar as dificuldades financeiras decorrentes do estado de calamidade pública reconhecido pelo Decreto Legislativo nº 6, de 20 de março de 2020, e da emergência de saúde pública de importância internacional decorrente da pandemia da Covid-19.",Pandemia,"auxílios, crédito, previdência, emprego e renda",Executivo,PLV,26,2020,apoio a estados e municípios,2242770,https://www.camara.leg.br/propostas-legislativas/2242770,Simbólica
"Lei nº 14.043, de 19.8.2020 ",Leis que convertem MP,14043,2020-08-19,2020,http://www.planalto.gov.br/ccivil_03/_ato2019-2022/2020/Msg/VEP/VEP-466.htm,http://www.planalto.gov.br/ccivil_03/_ato2019-2022/2020/Lei/L14043.htm,"Institui o Programa Emergencial de Suporte a Empregos; altera as Leis nos 9.430, de 27 de dezembro de 1996, e 13.999, de 18 de maio de 2020; e dá outras providências.   Mensagem de veto",Pandemia,"auxílios, crédito, previdência, emprego e renda",Executivo,PLV,20,2020,suporte a empregos,2242887,https://www.camara.leg.br/propostas-legislativas/2242887,Nominal
"Lei nº 14.042, de 19.8.2020 ",Leis que convertem MP,14042,2020-08-19,2020,http://www.planalto.gov.br/ccivil_03/_ato2019-2022/2020/Msg/VEP/VEP-465.htm,http://www.planalto.gov.br/ccivil_03/_ato2019-2022/2020/Lei/L14042.htm,"Institui o Programa Emergencial de Acesso a Crédito (Peac); altera as Leis nºs 12.087, de 11 de novembro de 2009, e 13.999, de 18 de maio de 2020; e dá outras providências.",Pandemia,"auxílios, crédito, previdência, emprego e renda",Executivo,PLV,24,2020,Peac,2254253,https://www.camara.leg.br/propostas-legislativas/2254253,Nominal
"Lei nº 14.045, de 20.8.2020 ",Lei,14045,2020-08-20,2020,http://www.planalto.gov.br/ccivil_03/_ato2019-2022/2020/Msg/VEP/VEP-471.htm,http://www.planalto.gov.br/ccivil_03/_ato2019-2022/2020/Lei/L14045.htm,"Altera a Lei nº 13.999, de 18 de maio de 2020, para instituir linha de crédito destinada aos profissionais liberais que atuem como pessoa física, durante o estado de calamidade pública reconhecido pelo Decreto Legislativo nº 6, de 20 de março de 2020, e a Lei nº 12.087, de 11 de novembro de 2009, para criar o Conselho de Participação em Fundos Garantidores de Risco de Crédito para Microempresas e para Pequenas e Médias Empresas e o Conselho de Participação em Operações de Crédito Educativo.  Mensagem de veto",Pandemia,"auxílios, crédito, previdência, emprego e renda",Senado,PL,2424,2020,Pronampe expandido,2256895,https://www.camara.leg.br/propostas-legislativas/2256895,Simbólica
"Lei nº 14.047, de 24.8.2020 ",Leis que convertem MP,14047,2020-08-24,2020,http://www.planalto.gov.br/ccivil_03/_ato2019-2022/2020/Msg/VEP/VEP-475.htm,http://www.planalto.gov.br/ccivil_03/_ato2019-2022/2020/Lei/L14047.htm,"Dispõe sobre medidas temporárias para enfrentamento da pandemia da Covid-19 no âmbito do setor portuário, sobre a cessão de pátios da administração pública e sobre o custeio das despesas com serviços de estacionamento para a permanência de aeronaves de empresas nacionais de transporte aéreo regular de passageiros em pátios da Empresa Brasileira de Infraestrutura Aeroportuária (Infraero); e altera as Leis nºs 9.719, de 27 de novembro de 1998, 7.783, de 28 de junho de 1989, 12.815, de 5 de junho de 2013, 7.565, de 19 de dezembro de 1986, e 10.233, de 5 de junho de 2001.",Pandemia,demandas setoriais,Executivo,PLV,30,2020,setor portuário,2242888,https://www.camara.leg.br/propostas-legislativas/2242888,Nominal
"Lei nº 14.046, de 24.8.2020 ",Leis que convertem MP,14046,2020-08-24,2020,http://www.planalto.gov.br/ccivil_03/_ato2019-2022/2020/Msg/VEP/VEP-474.htm,http://www.planalto.gov.br/ccivil_03/_ato2019-2022/2020/Lei/L14046.htm," Mensagem de veto Conversão da Medida Provisória nº 948, de 2020 (Promulgação partes vetadas) Dispõe sobre o adiamento e o cancelamento de serviços, de reservas e de eventos dos setores de turismo e de cultura em razão do estado de calamidade pública reconhecido pelo Decreto Legislativo nº 6, de 20 de março de 2020, e da emergência de saúde pública de importância internacional decorrente da pandemia da Covid-19. Dispõe sobre medidas emergenciais para atenuar os efeitos da crise decorrente da pandemia da covid-19 nos setores de turismo e de cultura.  (Redação dada pela Medida Provisória nº 1.036, de 2021) Dispõe sobre medidas emergenciais para atenuar os efeitos da crise decorrente da pandemia da covid-19 nos setores de turismo e de cultura.    (Redação dada pela Lei nº 14.186, de 2021) ",Pandemia,demandas setoriais,Executivo,PLV,29,2020,turismo,2246357,https://www.camara.leg.br/propostas-legislativas/2246357,Nominal
"Lei nº 14.048, de 24.8.2020 ",Lei,14048,2020-08-24,2020,http://www.planalto.gov.br/ccivil_03/_ato2019-2022/2020/Msg/VEP/VEP-476.htm,http://www.planalto.gov.br/ccivil_03/_ato2019-2022/2020/Lei/L14048.htm,"Dispõe sobre medidas emergenciais de amparo aos agricultores familiares do Brasil para mitigar os impactos socioeconômicos da Covid-19; altera as Leis nos 13.340, de 28 de setembro de 2016, e 13.606, de 9 de janeiro de 2018; e dá outras providências (Lei Assis Carvalho).   Mensagem de veto",Pandemia,"auxílios, crédito, previdência, emprego e renda",Câmara,PL,735,2020,agricultores familiares,2239605,https://www.camara.leg.br/propostas-legislativas/2239605,Simbólica
"Emenda Constitucional nº 108, de 26.8.2020 ",Emenda Constitucional,108,2020-08-26,2020,,http://www.planalto.gov.br/ccivil_03/Constituicao/Emendas/Emc/emc108.htm,"Altera a Constituição Federal para estabelecer critérios de distribuição da cota municipal do Imposto sobre Operações Relativas à Circulação de Mercadorias e sobre Prestações de Serviços de Transporte Interestadual e Intermunicipal e de Comunicação (ICMS), para disciplinar a disponibilização de dados contábeis pelos entes federados, para tratar do planejamento na ordem social e para dispor sobre o Fundo de Manutenção e Desenvolvimento da Educação Básica e de Valorização dos Profissionais da Educação (Fundeb); altera o Ato das Disposições Constitucionais Transitórias; e dá outras providências.",Educação,Educação,Câmara,PEC,15,2015,PEC do Fundeb,1198512,https://www.camara.leg.br/propostas-legislativas/1198512,Nominal
"Lei nº 14.057, de 11.9.2020 ",Lei,14057,2020-09-11,2020,http://www.planalto.gov.br/ccivil_03/_ato2019-2022/2020/Msg/VEP/VEP-517.htm,http://www.planalto.gov.br/ccivil_03/_ato2019-2022/2020/Lei/L14057.htm,"Disciplina o acordo com credores para pagamento com desconto de precatórios federais e o acordo terminativo de litígio contra a Fazenda Pública e dispõe sobre a destinação dos recursos deles oriundos para o combate à Covid-19, durante a vigência do estado de calamidade pública reconhecido pelo Decreto Legislativo nº 6, de 20 de março de 2020; e altera a Lei nº 7.689, de 15 de dezembro de 1988, e a Lei nº 8.212, de 24 de julho de 1991.    Mensagem de veto",Pandemia,contratos,Câmara,PL,1581,2020,precatórios federais,2243108,https://www.camara.leg.br/propostas-legislativas/2243108,Nominal
"Lei nº 14.058, de 17.9.2020 ",Leis que convertem MP,14058,2020-09-17,2020,,http://www.planalto.gov.br/ccivil_03/_ato2019-2022/2020/Lei/L14058.htm,"Estabelece a operacionalização do pagamento do Benefício Emergencial de Preservação do Emprego e da Renda e do benefício emergencial mensal de que trata a Lei nº 14.020, de 6 de julho de 2020.",Pandemia,"auxílios, crédito, previdência, emprego e renda",Executivo,PLV,34,2020,benefício,2250977,https://www.camara.leg.br/propostas-legislativas/2250977,Nominal
"Lei Complementar nº 175, de 23.9.2020 ",Lei Complementar,175,2020-09-23,2020,,http://www.planalto.gov.br/ccivil_03/LEIS/LCP/Lcp175.htm,"Dispõe sobre o padrão nacional de obrigação acessória do Imposto Sobre Serviços de Qualquer Natureza (ISSQN), de competência dos Municípios e do Distrito Federal, incidente sobre os serviços previstos nos subitens 4.22, 4.23, 5.09, 15.01 e 15.09 da lista de serviços anexa à Lei Complementar nº 116, de 31 de julho de 2003; altera dispositivos da referida Lei Complementar; prevê regra de transição para a partilha do produto da arrecadação do ISSQN entre o Município do local do estabelecimento prestador e o Município do domicílio do tomador relativamente aos serviços de que trata; e dá outras providências",Outros,,Senado,PLP,461,2017,ISSQN,2166600,https://www.camara.leg.br/propostas-legislativas/2166600,
"Lei nº 14.061, de 23.9.2020 ",Lei,14061,2020-09-23,2020,,http://www.planalto.gov.br/ccivil_03/_ato2019-2022/2020/Lei/L14061.htm,"Prorroga até 30 de setembro de 2020 a suspensão da obrigatoriedade da manutenção das metas quantitativas e qualitativas contratualizadas pelos prestadores de serviço de saúde, de qualquer natureza, no âmbito do Sistema Único de Saúde (SUS), estabelecida na Lei nº 13.992, de 22 de abril de 2020; e dá outras providências.",Pandemia,contratos,Câmara,PL,3058,2020,metas do SUS,2254259,https://www.camara.leg.br/propostas-legislativas/2254259,Simbólica
"Lei nº 14.063, de 23.9.2020 ",Leis que convertem MP,14063,2020-09-23,2020,http://www.planalto.gov.br/ccivil_03/_ato2019-2022/2020/Msg/VEP/VEP-546.htm,http://www.planalto.gov.br/ccivil_03/_ato2019-2022/2020/Lei/L14063.htm,"Dispõe sobre o uso de assinaturas eletrônicas em interações com entes públicos, em atos de pessoas jurídicas e em questões de saúde e sobre as licenças de softwares desenvolvidos por entes públicos; e altera a Lei nº 9.096, de 19 de setembro de 1995, a Lei nº 5.991, de 17 de dezembro de 1973, e a Medida Provisória nº 2.200-2, de 24 de agosto de 2001.",Pandemia,contratos,Executivo,PLV,32,2020,assinaturas eletrônicas,2255363,https://www.camara.leg.br/propostas-legislativas/2255363,Nominal
"Lei nº 14.065, de 30.9.2020 ",Leis que convertem MP,14065,2020-09-30,2020,,http://www.planalto.gov.br/ccivil_03/_ato2019-2022/2020/Lei/L14065.htm,"Autoriza pagamentos antecipados nas licitações e nos contratos realizados no âmbito da administração pública; adequa os limites de dispensa de licitação; amplia o uso do Regime Diferenciado de Contratações Públicas (RDC) durante o estado de calamidade pública reconhecido pelo Decreto Legislativo nº 6, de 20 de março de 2020; e altera a Lei nº 13.979, de 6 de fevereiro de 2020.",Pandemia,contratos,Executivo,PLV,36,2020,pagamento antecipado em licitações,2251926,https://www.camara.leg.br/propostas-legislativas/2251926,Nominal
"Lei nº 14.072, de 14.10.2020 ",Leis que convertem MP,14072,2020-10-14,2020,http://www.planalto.gov.br/ccivil_03/_ato2019-2022/2020/Msg/VEP/VEP-597.htm,http://www.planalto.gov.br/ccivil_03/_ato2019-2022/2020/Lei/L14072.htm,Autoriza a prorrogação de contratos por tempo determinado no âmbito do Ministério da Saúde e do Ministério da Educação.,Pandemia,Educação,Executivo,PLV,38,2020,contratos MS/ME,2254052,https://www.camara.leg.br/propostas-legislativas/2254052,Simbólica
"Lei nº 14.073, de 14.10.2020 ",Lei,14073,2020-10-14,2020,http://www.planalto.gov.br/ccivil_03/_ato2019-2022/2020/Msg/VEP/VEP-598.htm,http://www.planalto.gov.br/ccivil_03/_ato2019-2022/2020/Lei/L14073.htm,"Dispõe sobre ações emergenciais destinadas ao setor esportivo a serem adotadas durante o estado de calamidade pública reconhecido pelo Decreto Legislativo nº 6, de 20 de março de 2020; e altera as Leis nos 9.615, de 24 de março de 1998, e 13.756, de 12 de dezembro de 2018.   Mensagem de veto",Pandemia,demandas setoriais,Câmara,PL,2824,2020,setor esportivo,2253471,https://www.camara.leg.br/propostas-legislativas/2253471,Nominal
"Lei nº 14.113, de 25.12.2020 ",Lei,14113,2020-12-25,2020,,http://www.planalto.gov.br/ccivil_03/_ato2019-2022/2020/Lei/L14113.htm,"Regulamenta o Fundo de Manutenção e Desenvolvimento da Educação Básica e de Valorização dos Profissionais da Educação (Fundeb), de que trata o art. 212-A da Constituição Federal; revoga dispositivos da Lei nº 11.494, de 20 de junho de 2007; e dá outras providências.",Educação,Educação,Câmara,PL,4372,2020,Lei do Fundeb,2261121,https://www.camara.leg.br/propostas-legislativas/2261121,Nominal
"Lei Complementar nº 176, de 29.12.2020 ",Lei Complementar,176,2020-12-29,2020,,http://www.planalto.gov.br/ccivil_03/LEIS/LCP/Lcp176.htm,"Institui transferências obrigatórias da União para os Estados, o Distrito Federal e os Municípios, por prazo ou fato determinado; declara atendida a regra de cessação contida no § 2º do art. 91 do Ato das Disposições Constitucionais Transitórias (ADCT); e altera a Lei nº 13.885, de 17 de outubro de 2019",Pandemia,orçamento,Senado,PLP,133,2020,libera requisitos da LRF,2265505,https://www.camara.leg.br/propostas-legislativas/2265505,Nominal
"Lei Complementar nº 177, de 12.1.2021 ",Lei Complementar,177,2021-01-12,2021,http://www.planalto.gov.br/ccivil_03/_ato2019-2022/2021/Msg/VEP/VEP-6.htm,http://www.planalto.gov.br/ccivil_03/LEIS/LCP/Lcp177.htm,"Altera a Lei Complementar nº 101, de 4 de maio de 2000, para vedar a limitação de empenho e movimentação financeira das despesas relativas à inovação e ao desenvolvimento científico e tecnológico custeadas por fundo criado para tal finalidade, e a Lei nº 11.540, de 12 de novembro de 2007, para modificar a natureza e as fontes de receitas do Fundo Nacional de Desenvolvimento Científico e Tecnológico (FNDCT), e incluir programas desenvolvidos por organizações sociais entre as instituições que podem acessar os recursos do FNDCT",Outros,,Senado,PLP,135,2020,proíbe contingenciamento do FNDCT,2262099,https://www.camara.leg.br/propostas-legislativas/2262099,
"Lei Complementar nº 178, de 13.1.2021 ",Lei Complementar,178,2021-01-13,2021,http://www.planalto.gov.br/ccivil_03/_ato2019-2022/2021/Msg/VEP/VEP-9.htm,http://www.planalto.gov.br/ccivil_03/LEIS/LCP/Lcp178.htm,"Estabelece o Programa de Acompanhamento e Transparência Fiscal e o Plano de Promoção do Equilíbrio Fiscal; altera a Lei Complementar nº 101, de 4 de maio de 2000, a Lei Complementar nº 156, de 28 de dezembro de 2016, a Lei Complementar nº 159, de 19 de maio de 2017, a Lei Complementar nº 173, de 27 de maio de 2020, a Lei nº 9.496, de 11 de setembro de 1997, a Lei nº 12.348, de 15 de dezembro de 2010, a Lei nº 12.649, de 17 de maio de 2012, e a Medida Provisória nº 2.185-35, de 24 de agosto de 2001; e dá outras providências",Outros,,Câmara,PLP,101,2020,transparência e equilíbrio fiscal,2249891,https://www.camara.leg.br/propostas-legislativas/2249891,
"Lei Complementar nº 179, de 24.2.2021 ",Lei Complementar,179,2021-02-24,2021,,http://www.planalto.gov.br/ccivil_03/LEIS/LCP/Lcp179.htm,"Define os objetivos do Banco Central do Brasil e dispõe sobre sua autonomia e sobre a nomeação e a exoneração de seu Presidente e de seus Diretores; e altera artigo da Lei nº 4.595, de 31 de dezembro de 1964.",Outros,,Senado,PLP,19,2019,autonomia banco central,2265124,https://www.camara.leg.br/propostas-legislativas/2265124,
"Lei nº 14.121, de 1.3.2021 ",Leis que convertem MP,14121,2021-03-01,2021,http://www.planalto.gov.br/ccivil_03/_ato2019-2022/2021/Msg/VEP/VEP-56.htm,http://www.planalto.gov.br/ccivil_03/_ato2019-2022/2021/Lei/L14121.htm,Autoriza o Poder Executivo federal a aderir ao Instrumento de Acesso Global de Vacinas Covid-19 ( Covax Facility ) e estabelece diretrizes para a imunização da população.,Pandemia,"tratamento, vacinação e insumos",Executivo,PLV,43,2020,Covax Facility,2263410,https://www.camara.leg.br/propostas-legislativas/2263410,Nominal
"Lei nº 14.123, de 10.3.2021 ",Lei,14123,2021-03-10,2021,,http://www.planalto.gov.br/ccivil_03/_ato2019-2022/2021/Lei/L14123.htm,"Altera a Lei nº 13.650, de 11 de abril de 2018, e prorroga até 31 de dezembro de 2020 a suspensão da obrigatoriedade de manutenção das metas quantitativas e qualitativas contratualizadas pelos prestadores de serviço de saúde no âmbito do Sistema Único de Saúde (SUS) estabelecida pelo art. 1º da Lei nº 13.992, de 22 de abril de 2020.",Pandemia,orçamento,Câmara,PL,2809,2020,metas do SUS,2253420,https://www.camara.leg.br/propostas-legislativas/2253420,Simbólica
"Lei nº 14.124, de 10.3.2021 ",Leis que convertem MP,14124,2021-03-10,2021,,http://www.planalto.gov.br/ccivil_03/_ato2019-2022/2021/Lei/L14124.htm,"Dispõe sobre as medidas excepcionais relativas à aquisição de vacinas e de insumos e à contratação de bens e serviços de logística, de tecnologia da informação e comunicação, de comunicação social e publicitária e de treinamentos destinados à vacinação contra a covid-19 e sobre o Plano Nacional de Operacionalização da Vacinação contra a Covid-19.",Pandemia,"tratamento, vacinação e insumos",Executivo,PLV,1,2021,medidas excepcionais para vacina,2268424,https://www.camara.leg.br/propostas-legislativas/2268424,Simbólica
"Lei nº 14.125, de 10.3.2021 ",Lei,14125,2021-03-10,2021,http://www.planalto.gov.br/ccivil_03/_ato2019-2022/2021/Msg/VEP/VEP-70.htm,http://www.planalto.gov.br/ccivil_03/_ato2019-2022/2021/Lei/L14125.htm,Dispõe sobre a responsabilidade civil relativa a eventos adversos pós-vacinação contra a Covid-19 e sobre a aquisição e distribuição de vacinas por pessoas jurídicas de direito privado.  Mensagem de veto,Pandemia,"tratamento, vacinação e insumos",Senado,PL,534,2021,vacina privada,2270971,https://www.camara.leg.br/propostas-legislativas/2270971,Nominal
Emenda Constitucional nº 109,Emenda Constitucional,109,2021-03-15,2021,,http://www.planalto.gov.br/ccivil_03/Constituicao/Emendas/Emc/emc109.htm,"Altera os arts. 29-A, 37, 49, 84, 163, 165, 167, 168 e 169 da Constituição Federal e os arts. 101 e 109 do Ato das Disposições Constitucionais Transitórias; acrescenta à Constituição Federal os arts. 164-A, 167- A, 167-B, 167-C, 167-D, 167-E, 167-F e 167-G; revoga dispositivos do Ato das Disposições Constitucionais Transitórias e institui regras transitórias sobre redução de benefícios tributários; desvincula parcialmente o superávit financeiro de fundos públicos; e suspende condicionalidades para realização de despesas com concessão de auxílio emergencial residual para enfrentar as consequências sociais e econômicas da pandemia da Covid-19.",Pandemia,"auxílios, crédito, previdência, emprego e renda",Senado,PEC,186,2019,auxílio emergencial,2272137,https://www.camara.leg.br/propostas-legislativas/2272137,Nominal
"Lei nº 14.126, de 22.3.2021 ",Lei,14126,2021-03-22,2021,,http://www.planalto.gov.br/ccivil_03/_ato2019-2022/2021/Lei/L14126.htm,"Classifica a visão monocular como deficiência sensorial, do tipo visual.",Saúde,saúde outros,Senado,PL,1615,2019,visão monocular,2229141,https://www.camara.leg.br/propostas-legislativas/2229141,Simbólica
"Lei nº 14.128, de 26.3.2021 ",Lei,14128,2021-03-26,2021,,http://www.planalto.gov.br/ccivil_03/_ato2019-2022/2021/Lei/L14128.htm,"Dispõe sobre compensação financeira a ser paga pela União aos profissionais e trabalhadores de saúde que, durante o período de emergência de saúde pública de importância nacional decorrente da disseminação do novo coronavírus (SARS-CoV-2), por terem trabalhado no atendimento direto a pacientes acometidos pela Covid-19, ou realizado visitas domiciliares em determinado período de tempo, no caso de agentes comunitários de saúde ou de combate a endemias, tornarem-se permanentemente incapacitados para o trabalho, ou ao seu cônjuge ou companheiro, aos seus dependentes e aos seus herdeiros necessários, em caso de óbito; e altera a Lei nº 605, de 5 de janeiro de 1949.",Pandemia,"tratamento, vacinação e insumos",Câmara,PL,1826,2020,compensação a profissionais de saúde,2247980,https://www.camara.leg.br/propostas-legislativas/2247980,Nominal
"Lei Complementar nº 181, de 6.5.2021 ",Lei Complementar,180,2021-04-14,2021,,http://www.planalto.gov.br/ccivil_03/leis/lcp/Lcp180.htm,"Altera a Lei Complementar nº 173, de 27 de maio de 2020, que estabelece o Programa Federativo de Enfrentamento ao Coronavírus SARS-CoV-2 (Covid-19).",Pandemia,orçamento,Senado,PLP,266,2020,quem pode receber aumento,2267621,https://www.camara.leg.br/propostas-legislativas/2267621,Nominal
"Lei nº 14.148, de 3.5.2021 ",Lei,14148,2021-05-03,2021,http://www.planalto.gov.br/ccivil_03/_ato2019-2022/2021/Msg/VEP/VEP-186.htm,http://www.planalto.gov.br/ccivil_03/_ato2019-2022/2021/Lei/L14148.htm,"Dispõe sobre ações emergenciais e temporárias destinadas ao setor de eventos para compensar os efeitos decorrentes das medidas de combate à pandemia da Covid-19; institui o Programa Emergencial de Retomada do Setor de Eventos (Perse) e o Programa de Garantia aos Setores Críticos (PGSC); e altera as Leis nos 13.756, de 12 de dezembro de 2018, e 8.212, de 24 de julho de 1991.   Mensagem de veto",Pandemia,demandas setoriais,Câmara,PL,5638,2020,setor de eventos,2268029,https://www.camara.leg.br/propostas-legislativas/2268029,Nominal
"Lei Complementar nº 181, de 6.5.2021 ",Lei Complementar,181,2021-05-06,2021,,http://www.planalto.gov.br/ccivil_03/LEIS/LCP/Lcp181.htm,"Altera a Lei Complementar nº 172, de 15 de abril de 2020, e a Lei nº 14.029, de 28 de julho de 2020, para conceder prazo para que os Estados, o Distrito Federal e os Municípios executem atos de transposição e de transferência e atos de transposição e de reprogramação, respectivamente; altera a Lei Complementar nº 156, de 28 de dezembro de 2016, para conceder prazo adicional para celebração de aditivos contratuais e permitir mudança nos critérios de indexação dos contratos de refinanciamento de dívidas; altera a Lei Complementar nº 159, de 19 de maio de 2017, para permitir o afastamento de vedações durante o Regime de Recuperação Fiscal desde que previsto no Plano de Recuperação Fiscal; altera a Lei Complementar nº 178, de 13 de janeiro de 2021, para conceder prazo adicional para celebração de contratos e disciplinar a apuração de valores inadimplidos de Estado com Regime de Recuperação Fiscal vigente em 31 de agosto de 2020; e revoga o art. 27 da Lei Complementar nº 178, de 13 de janeiro de 2021",Saúde,orçamento,Senado,PLP,10,2021,Permissão para usar sobras de repasses federais com saúde,2275255,https://www.camara.leg.br/propostas-legislativas/2275255,Nominal
"Lei nº 14.151, de 12.5.2021 ",Lei,14151,2021-05-12,2021,,http://www.planalto.gov.br/ccivil_03/_ato2019-2022/2021/Lei/L14151.htm,Dispõe sobre o afastamento da empregada gestante das atividades de trabalho presencial durante a emergência de saúde pública de importância nacional decorrente do novo coronavírus.,Pandemia,"auxílios, crédito, previdência, emprego e renda",Câmara,PL,3932,2020,gestante trabalho remoto,2258609,https://www.camara.leg.br/propostas-legislativas/2258609,Simbólica
"Lei nº 14.150, de 12.5.2021 ",Lei,14150,2021-05-12,2021,http://www.planalto.gov.br/ccivil_03/_ato2019-2022/2021/Msg/VEP/VEP-199.htm,http://www.planalto.gov.br/ccivil_03/_ato2019-2022/2021/Lei/L14150.htm,"Altera a Lei nº 14.017, de 29 de junho de 2020 (Lei Aldir Blanc), para estender a prorrogação do auxílio emergencial a trabalhadores e trabalhadoras da cultura e para prorrogar o prazo de utilização de recursos pelos Estados, pelo Distrito Federal e pelos Municípios.   Mensagem de veto",Pandemia,"auxílios, crédito, previdência, emprego e renda",Senado,PL,795,2021,estende lei aldir blanc,2277347,https://www.camara.leg.br/propostas-legislativas/2277347,Simbólica
"Lei nº 14.152, de 19.5.2021 ",Lei,14152,2021-05-19,2021,,http://www.planalto.gov.br/ccivil_03/_ato2019-2022/2021/Lei/L14152.htm,"Dispõe sobre a extensão do prazo de validade de prescrições médicas e de pedidos de exames complementares de diagnóstico emitidos para gestantes e puérperas, e sobre o acesso facilitado a cuidados intensivos e à internação em leitos de unidade de terapia intensiva (UTI) enquanto perdurar a pandemia de covid-19.",Pandemia,saúde outros,Câmara,PL,2442,2020,medicamentos controlados,2251880,https://www.camara.leg.br/propostas-legislativas/2251880,Simbólica
"Lei nº 14.154, de 26.5.2021 ",Lei,14154,2021-05-26,2021,,http://www.planalto.gov.br/ccivil_03/_ato2019-2022/2021/Lei/L14154.htm,"Altera a Lei nº 8.069, de 13 de julho de 1990 (Estatuto da Criança e do Adolescente), para aperfeiçoar o Programa Nacional de Triagem Neonatal (PNTN), por meio do estabelecimento de rol mínimo de doenças a serem rastreadas pelo teste do pezinho; e dá outras providências.",Saúde,saúde outros,Câmara,PL,5043,2020,triagem neonatal,2264712,https://www.camara.leg.br/propostas-legislativas/2264712,Simbólica
"Lei Complementar nº 182, de 1.6.2021 ",Lei Complementar,182,2021-06-01,2021,http://www.planalto.gov.br/ccivil_03/_ato2019-2022/2021/Msg/VEP/VEP-236.htm,http://www.planalto.gov.br/ccivil_03/LEIS/LCP/Lcp182.htm,"Institui o marco legal das startups e do empreendedorismo inovador; e altera a Lei nº 6.404, de 15 de dezembro de 1976, e a Lei Complementar nº 123, de 14 de dezembro de 2006.",Outros,,Câmara,PLP,146,2019,Marco Legal Startups,2205645,https://www.camara.leg.br/propostas-legislativas/2205645,
"Lei nº 14.161, de 2.6.2021 ",Lei,14161,2021-06-02,2021,http://www.planalto.gov.br/ccivil_03/_ato2019-2022/2021/Msg/VEP/VEP-240.htm,http://www.planalto.gov.br/ccivil_03/_ato2019-2022/2021/Lei/L14161.htm,"Altera a Lei nº 13.999, de 18 de maio de 2020, para permitir o uso do Programa Nacional de Apoio às Microempresas e Empresas de Pequeno Porte (Pronampe), de forma permanente, como política oficial de crédito, de modo a conferir tratamento diferenciado e favorecido às microempresas e às pequenas empresas, com vistas a consolidar os pequenos negócios como agentes de sustentação, de transformação e de desenvolvimento da economia nacional.   Mensagem de veto",Pandemia,"auxílios, crédito, previdência, emprego e renda",Senado,PL,5575,2020,pronampe permanente,2273764,https://www.camara.leg.br/propostas-legislativas/2273764,Simbólica
"Lei nº 14.160, de 2.6.2021 ",Leis que convertem MP,14160,2021-06-02,2021,,http://www.planalto.gov.br/ccivil_03/_ato2019-2022/2021/Lei/L14160.htm," Conversão da Medida Provisória nº 1.027, de 2021 Vigência Dispõe sobre o estabelecimento de barreiras sanitárias protetivas de áreas indígenas. ",Pandemia,"tratamento, vacinação e insumos",Executivo,MPV,1027,2021,áreas indígenas,2268619,https://www.camara.leg.br/propostas-legislativas/2268619,Nominal
"Lei nº 14.171, de 10.6.2021 ",Lei,14171,2021-06-10,2021,,http://www.planalto.gov.br/ccivil_03/_ato2019-2022/2021/Lei/L14171.htm,"Altera a Lei nº 13.982, de 2 de abril de 2020, para estabelecer medidas de proteção à mulher provedora de família monoparental em relação ao recebimento do auxílio emergencial de que trata o seu art. 2º; e dá outras providências.",Pandemia,"auxílios, crédito, previdência, emprego e renda",Câmara,PL,2508,2020,mãe solo,2252034,https://www.camara.leg.br/propostas-legislativas/2252034,Simbólica
"Lei nº 14.172, de 10.6.2021 ",Lei,14172,2021-06-10,2021,,http://www.planalto.gov.br/ccivil_03/_ato2019-2022/2021/Lei/L14172.htm,"Dispõe sobre a garantia de acesso à internet, com fins educacionais, a alunos e a professores da educação básica pública.",Educação,educação,Câmara,PL,3477,2020,internet na escola pública,2256081,https://www.camara.leg.br/propostas-legislativas/2256081,Simbólica
"Lei nº 14.174, de 17.6.2021 ",Leis que convertem MP,14174,2021-06-17,2021,http://www.planalto.gov.br/ccivil_03/_ato2019-2022/2021/Msg/VEP/VEP-279.htm,http://www.planalto.gov.br/ccivil_03/_ato2019-2022/2021/Lei/L14174.htm," Mensagem de veto Conversão da Medida Provisória nº 1.024, de 2020 (Promulgação partes vetadas) Altera a Lei nº 14.034, de 5 de agosto de 2020, para prorrogar o prazo de vigência de medidas emergenciais para a aviação civil brasileira em razão da pandemia da Covid-19. ",Pandemia,"auxílios, crédito, previdência, emprego e renda",Executivo,PLV,9,2021,aviação civil,2268417,https://www.camara.leg.br/propostas-legislativas/2268417,Nominal
"Lei nº 14.179, de 30.6.2021 ",Leis que convertem MP,14179,2021-06-30,2021,,http://www.planalto.gov.br/ccivil_03/_ato2019-2022/2021/Lei/L14179.htm," Conversão da Medida Provisória nº 1.028, de 2021 Estabelece normas para facilitação de acesso a crédito e para mitigação dos impactos econômicos decorrentes da pandemia da Covid-19; e revoga dispositivos das Leis nos 8.870, de 15 de abril de 1994, e 10.406, de 10 de janeiro de 2002 (Código Civil). ",Pandemia,"auxílios, crédito, previdência, emprego e renda",Executivo,PLV,11,2021,acesso a crédito,2269911,https://www.camara.leg.br/propostas-legislativas/2269911,Nominal
"Lei nº 14.186, de 15.7.2021 ",Leis que convertem MP,14186,2021-07-15,2021,,http://www.planalto.gov.br/ccivil_03/_ato2019-2022/2021/Lei/L14186.htm,"Conversão da Medida Provisória nº 1.036, de 2021) Altera a Lei nº 14.046, de 24 de agosto de 2020, para dispor sobre medidas emergenciais para atenuar os efeitos da crise decorrente da pandemia da covid-19 nos setores de turismo e de cultura. ",Pandemia,demandas setoriais,Executivo,PLV,14,2021,turismo e cultura,2274251,https://www.camara.leg.br/propostas-legislativas/2274251,Simbólica
"Lei nº 14.187, de 15.7.2021 ",Lei,14187,2021-07-15,2021,http://www.planalto.gov.br/ccivil_03/_ato2019-2022/2021/Msg/VEP/VEP-343.htm,http://www.planalto.gov.br/ccivil_03/_ato2019-2022/2021/Lei/L14187.htm,Dispõe sobre a autorização para que estruturas industriais destinadas à fabricação de vacinas de uso veterinário sejam utilizadas na produção de insumos farmacêuticos ativos (IFA) e vacinas contra a covid-19 no Brasil.   Mensagem de veto,Pandemia,"tratamento, vacinação e insumos",Senado,PL,1343,2021,fábrica de vacina veterinária,2279750,https://www.camara.leg.br/propostas-legislativas/2279750,Nominal
"Lei nº 14.189, de 28.7.2021 ",Lei,14189,2021-07-28,2021,,http://www.planalto.gov.br/ccivil_03/_ato2019-2022/2021/Lei/L14189.htm,"Altera a Lei nº 13.992, de 22 de abril de 2020, para prorrogar a suspensão da obrigatoriedade da manutenção das metas quantitativas e qualitativas contratualizadas pelos prestadores de serviço de saúde de qualquer natureza no âmbito do Sistema Único de Saúde (SUS).",Pandemia,contratos,Senado,PL,4384,2020,metas do SUS,2266146,https://www.camara.leg.br/propostas-legislativas/2266146,Nominal
"Lei nº 14.190, de 29.7.2021 ",Lei,14190,2021-07-29,2021,,http://www.planalto.gov.br/ccivil_03/_ato2019-2022/2021/Lei/L14190.htm,"Altera a Lei nº 14.124, de 10 de março de 2021, para determinar a inclusão como grupo prioritário no Plano Nacional de Operacionalização da Vacinação contra a Covid-19 de gestantes, puérperas e lactantes, bem como de crianças e adolescentes com deficiência permanente, com comorbidade ou privados de liberdade.",Pandemia,"tratamento, vacinação e insumos",Senado,PL,2112,2021,vacina para gestante,2288319,https://www.camara.leg.br/propostas-legislativas/2288319,Simbólica
"Lei nº 14.191, de 3.8.2021 ",Lei,14191,2021-08-03,2021,,http://www.planalto.gov.br/ccivil_03/_ato2019-2022/2021/Lei/L14191.htm,"Altera a Lei nº 9.394, de 20 de dezembro de 1996 (Lei de Diretrizes e Bases da Educação Nacional), para dispor sobre a modalidade de educação bilíngue de surdos.",Educação,educação,Senado,PL,4909,2020,LDB surdos,2284931,https://www.camara.leg.br/propostas-legislativas/2284931,Nominal
"Lei nº 14.198, de 2.9.2021 ",Lei,14198,2021-09-02,2021,,http://www.planalto.gov.br/ccivil_03/_ato2019-2022/2021/Lei/L14198.htm,Dispõe sobre videochamadas entre pacientes internados em serviços de saúde impossibilitados de receber visitas e seus familiares.,Pandemia,"tratamento, vacinação e insumos",Câmara,PL,2136,2020,videochamadas,2250454,https://www.camara.leg.br/propostas-legislativas/2250454,Simbólica
"Lei nº 14.199, de 2.9.2021 ",Lei,14199,2021-09-02,2021,http://www.planalto.gov.br/ccivil_03/_ato2019-2022/2021/Msg/VEP/VEP-431.htm,http://www.planalto.gov.br/ccivil_03/_ato2019-2022/2021/Lei/L14199.htm,"Altera as Leis nºs 8.212, de 24 de julho de 1991, e 8.213, de 24 de julho de 1991, para dispor sobre medidas alternativas de prova de vida para os beneficiários da Previdência Social durante o estado de calamidade pública reconhecido pelo Congresso Nacional; e dá outras providências.   Mensagem de veto",Pandemia,"auxílios, crédito, previdência, emprego e renda",Senado,PL,385,2021,prova de vida INSS,2289077,https://www.camara.leg.br/propostas-legislativas/2289077,Simbólica
"Lei nº 14.200, de 2.9.2021 ",Lei,14200,2021-09-02,2021,http://www.planalto.gov.br/ccivil_03/_ato2019-2022/2021/Msg/VEP/VEP-432.htm,http://www.planalto.gov.br/ccivil_03/_ato2019-2022/2021/Lei/L14200.htm,"Altera a Lei nº 9.279, de 14 de maio de 1996 (Lei de Propriedade Industrial), para dispor sobre a licença compulsória de patentes ou de pedidos de patente nos casos de declaração de emergência nacional ou internacional ou de interesse público, ou de reconhecimento de estado de calamidade pública de âmbito nacional.   Mensagem de veto",Pandemia,contratos,Senado,PL,12,2021,propriedade industrial,2280928,https://www.camara.leg.br/propostas-legislativas/2280928,Nominal
"Lei Complementar nº 183, de 22.9.2021 ",Lei Complementar,183,2021-09-22,2021,,http://www.planalto.gov.br/ccivil_03/LEIS/LCP/Lcp183.htm,"Altera a Lei Complementar nº 116, de 31 de julho de 2003, para explicitar a incidência do Imposto sobre Serviços de Qualquer Natureza (ISS) sobre o monitoramento e rastreamento de veículos e carga.",Outros,,Senado,PLP,191,2015,ISS sobre veículos,2054465,https://www.camara.leg.br/propostas-legislativas/2054465,
"Lei Complementar nº 184, de 29.9.2021 ",Lei Complementar,184,2021-09-29,2021,,http://www.planalto.gov.br/ccivil_03/LEIS/LCP/Lcp184.htm,"Altera a Lei Complementar nº 64, de 18 de maio de 1990, para excluir da incidência de inelegibilidade responsáveis que tenham tido contas julgadas irregulares sem imputação de débito e com condenação exclusiva ao pagamento de multa.",Pandemia,eleições,Câmara,PLP,9,2021,Torna elegível gestor com contas reprovadas,2268936,https://www.camara.leg.br/propostas-legislativas/2268936,Nominal
"Lei Complementar nº 185, de 6.10.2021 ",Lei Complementar,185,2021-10-06,2021,,http://www.planalto.gov.br/ccivil_03/LEIS/LCP/Lcp185.htm,"Altera o art. 2º da Lei Complementar nº 125, de 3 de janeiro de 2007, para incluir Municípios dos Estados de Minas Gerais e do Espírito Santo na área de atuação da Superintendência do Desenvolvimento do Nordeste (Sudene)",Outros,,Câmara,PLP,76,2007,MG e ES na Sudene,356194,https://www.camara.leg.br/propostas-legislativas/356194,
"Lei nº 14.214, de 6.10.2021 ",Lei,14214,2021-10-06,2021,http://www.planalto.gov.br/ccivil_03/_ato2019-2022/2021/Msg/VEP/VEP-503.htm,http://www.planalto.gov.br/ccivil_03/_ato2019-2022/2021/Lei/L14214.htm,"Institui o Programa de Proteção e Promoção da Saúde Menstrual; e altera a Lei nº 11.346, de 15 de setembro de 2006, para determinar que as cestas básicas entregues no âmbito do Sistema Nacional de Segurança Alimentar e Nutricional (Sisan) deverão conter como item essencial o absorvente higiênico feminino.   Mensagem de veto",Saúde,saúde outros,Câmara,PL,4968,2019,saúde menstrual,2219676,https://www.camara.leg.br/propostas-legislativas/2219676,Simbólica
"Lei nº 14.216, de 7.10.2021 ",Lei,14216,2021-10-07,2021,,http://www.planalto.gov.br/ccivil_03/_ato2019-2022/2021/Lei/L14216.htm,"Estabelece medidas excepcionais em razão da Emergência em Saúde Pública de Importância Nacional (Espin) decorrente da infecção humana pelo coronavírus SARS-CoV-2, para suspender o cumprimento de medida judicial, extrajudicial ou administrativa que resulte em desocupação ou remoção forçada coletiva em imóvel privado ou público, exclusivamente urbano, e a concessão de liminar em ação de despejo de que trata a Lei nº 8.245, de 18 de outubro de 1991, e para estimular a celebração de acordos nas relações locatícias.",Pandemia,contratos,Câmara,PL,827,2020,Despejo durante a Covid,2241695,https://www.camara.leg.br/propostas-legislativas/2241695,Nominal
"Lei nº 14.215, de 7.10.2021 ",Lei,14215,2021-10-07,2021,,http://www.planalto.gov.br/ccivil_03/_ato2019-2022/2021/Lei/L14215.htm,"Institui normas de caráter transitório aplicáveis a parcerias celebradas pela administração pública durante a vigência de medidas restritivas relacionadas ao combate à pandemia de covid-19, e dá outras providências.",Pandemia,contratos,Câmara,PL,4113,2020,parcerias emergenciais temporárias,2259697,https://www.camara.leg.br/propostas-legislativas/2259697,Simbólica
"Lei nº 14.218, de 13.10.2021 ",Lei,14218,2021-10-13,2021,,http://www.planalto.gov.br/ccivil_03/_ato2019-2022/2021/Lei/L14218.htm,"Altera a Lei nº 14.040, de 18 de agosto de 2020, para dispor sobre a validade das normas educacionais a serem adotadas, em caráter excepcional, enquanto perdurarem a crise sanitária decorrente da pandemia da Covid-19 e suas consequências.",Pandemia,educação,Câmara,PL,486,2021,ano letivo,2270403,https://www.camara.leg.br/propostas-legislativas/2270403,Nominal
"Lei nº 14.217, de 13.10.2021 ",Leis que convertem MP,14217,2021-10-13,2021,,http://www.planalto.gov.br/ccivil_03/_ato2019-2022/2021/Lei/L14217.htm,"Dispõe sobre medidas excepcionais para a aquisição de bens e de insumos e para a contratação de serviços, inclusive de engenharia, destinados ao enfrentamento da pandemia da Covid-19.",Pandemia,contratos,Executivo,PLV,19,2021,contratação de serviços inclusive engenharia,2280241,https://www.camara.leg.br/propostas-legislativas/2280241,Nominal
"Lei Complementar nº 186, de 27.10.2021 ",Lei Complementar,186,2021-10-27,2021,,http://www.planalto.gov.br/ccivil_03/LEIS/LCP/Lcp186.htm,"Altera a Lei Complementar nº 160, de 7 de agosto de 2017, para permitir a prorrogação, por até 15 (quinze) anos, das isenções, dos incentivos e dos benefícios fiscais ou financeiro-fiscais vinculados ao Imposto sobre Operações Relativas à Circulação de Mercadorias e sobre Prestações de Serviços de Transporte Interestadual e Intermunicipal e de Comunicação (ICMS) destinados à manutenção ou ao incremento das atividades comerciais, desde que o beneficiário seja o real remetente da mercadoria, às prestações interestaduais com produtos agropecuários e extrativos vegetais in natura e à manutenção ou ao incremento das atividades portuária e aeroportuária vinculadas ao comércio internacional, incluída a operação subsequente à da importação, praticada pelo contribuinte importador; e dá outras providências.",Outros,,Câmara,PLP,5,2021,Isenções ICMS,226884,https://www.camara.leg.br/propostas-legislativas/226884,